{
  "groups": {
    "br_test": {
      "entry_id": 1,
      "sl_id": 2,
      "tp_id": 3,
      "active": true
    },
    "g2": {
      "entry_id": 200,
      "sl_id": 201,
      "tp_id": 202,
      "active": true
    },
    "br_214612167679": {
      "entry_id": 214612167679,
      "sl_id": 214612688742,
      "tp_id": null,
      "active": true
    },
    "br_214610285901": {
      "entry_id": 214610285901,
      "sl_id": 214608348054,
      "tp_id": 214607579128,
      "active": true
    }
  }
}