{
  "category": "crypto",
  "description": "Handelspar med kryptovalutor som quote currency (BTC, ETH, LEO)",
  "count": 5,
  "symbols": [
    {
      "symbol": "tAVAX:BTC",
      "base_currency": "AVAX",
      "quote_currency": "BTC",
      "is_test": false,
      "is_paper": false
    },
    {
      "symbol": "tDOGE:BTC",
      "base_currency": "DOGE",
      "quote_currency": "BTC",
      "is_test": false,
      "is_paper": false
    },
    {
      "symbol": "tETH2X:ETH",
      "base_currency": "ETH2X",
      "quote_currency": "ETH",
      "is_test": false,
      "is_paper": false
    },
    {
      "symbol": "tNEXO:BTC",
      "base_currency": "NEXO",
      "quote_currency": "BTC",
      "is_test": false,
      "is_paper": false
    },
    {
      "symbol": "tXAUT:BTC",
      "base_currency": "XAUT",
      "quote_currency": "BTC",
      "is_test": false,
      "is_paper": false
    }
  ]
}