{
  "category": "fiat",
  "description": "Handelspar med fiatvalutor som quote currency (EUR, GBP, JPY, etc.)",
  "count": 6,
  "symbols": [
    {
      "symbol": "tBTC:EURQ",
      "base_currency": "BTC",
      "quote_currency": "EURQ",
      "is_test": false,
      "is_paper": false
    },
    {
      "symbol": "tBTC:EURR",
      "base_currency": "BTC",
      "quote_currency": "EURR",
      "is_test": false,
      "is_paper": false
    },
    {
      "symbol": "tEURQ:EUR",
      "base_currency": "EURQ",
      "quote_currency": "EUR",
      "is_test": false,
      "is_paper": false
    },
    {
      "symbol": "tEURR:EUR",
      "base_currency": "EURR",
      "quote_currency": "EUR",
      "is_test": false,
      "is_paper": false
    },
    {
      "symbol": "tTITAN1:GBP",
      "base_currency": "TITAN1",
      "quote_currency": "GBP",
      "is_test": false,
      "is_paper": false
    },
    {
      "symbol": "tTITAN2:GBP",
      "base_currency": "TITAN2",
      "quote_currency": "GBP",
      "is_test": false,
      "is_paper": false
    }
  ]
}