{
  "title": "Bitfinex API Documentation",
  "description": "Extraherad JSON-data från Bitfinex-dokumentation",
  "categories": {
    "other": {
      "count": 15,
      "files": [
        {
          "name": "all_symbols",
          "file": "all_symbols.json",
          "size": 11193,
          "keys": []
        },
        {
          "name": "margin_account_1",
          "file": "margin_account_1.json",
          "size": 360,
          "keys": [
            "namedChunks"
          ]
        },
        {
          "name": "margin_account_2",
          "file": "margin_account_2.json",
          "size": 306036,
          "keys": [
            "sidebars",
            "apiBaseUrl",
            "baseUrl",
            "search",
            "apiDefinitions",
            "customBlocks",
            "document",
            "meta",
            "oauth",
            "rdmd",
            "sidebar",
            "oasPublicUrl",
            "branches",
            "config",
            "context",
            "is404",
            "isDetachedProductionSite",
            "lang",
            "langFull",
            "reqUrl",
            "version",
            "gitVersion",
            "versions"
          ]
        },
        {
          "name": "order_types_1",
          "file": "order_types_1.json",
          "size": 317,
          "keys": [
            "namedChunks"
          ]
        },
        {
          "name": "order_types_2",
          "file": "order_types_2.json",
          "size": 75221,
          "keys": [
            "sidebars",
            "apiBaseUrl",
            "baseUrl",
            "search",
            "customBlocks",
            "document",
            "meta",
            "rdmd",
            "sidebar",
            "branches",
            "config",
            "context",
            "is404",
            "isDetachedProductionSite",
            "lang",
            "langFull",
            "reqUrl",
            "version",
            "gitVersion",
            "versions"
          ]
        },
        {
          "name": "positions_account_1",
          "file": "positions_account_1.json",
          "size": 360,
          "keys": [
            "namedChunks"
          ]
        },
        {
          "name": "positions_account_2",
          "file": "positions_account_2.json",
          "size": 475916,
          "keys": [
            "sidebars",
            "apiBaseUrl",
            "baseUrl",
            "search",
            "apiDefinitions",
            "customBlocks",
            "document",
            "meta",
            "oauth",
            "rdmd",
            "sidebar",
            "oasPublicUrl",
            "branches",
            "config",
            "context",
            "is404",
            "isDetachedProductionSite",
            "lang",
            "langFull",
            "reqUrl",
            "version",
            "gitVersion",
            "versions"
          ]
        },
        {
          "name": "rest-public",
          "file": "rest-public.json",
          "size": 317,
          "keys": [
            "namedChunks"
          ]
        },
        {
          "name": "rest_auth_1",
          "file": "rest_auth_1.json",
          "size": 317,
          "keys": [
            "namedChunks"
          ]
        },
        {
          "name": "rest_auth_2",
          "file": "rest_auth_2.json",
          "size": 75221,
          "keys": [
            "sidebars",
            "apiBaseUrl",
            "baseUrl",
            "search",
            "customBlocks",
            "document",
            "meta",
            "rdmd",
            "sidebar",
            "branches",
            "config",
            "context",
            "is404",
            "isDetachedProductionSite",
            "lang",
            "langFull",
            "reqUrl",
            "version",
            "gitVersion",
            "versions"
          ]
        },
        {
          "name": "symbols",
          "file": "symbols.json",
          "size": 4893,
          "keys": []
        },
        {
          "name": "wallet_account_1",
          "file": "wallet_account_1.json",
          "size": 360,
          "keys": [
            "namedChunks"
          ]
        },
        {
          "name": "wallet_account_2",
          "file": "wallet_account_2.json",
          "size": 211701,
          "keys": [
            "sidebars",
            "apiBaseUrl",
            "baseUrl",
            "search",
            "apiDefinitions",
            "customBlocks",
            "document",
            "meta",
            "oauth",
            "rdmd",
            "sidebar",
            "oasPublicUrl",
            "branches",
            "config",
            "context",
            "is404",
            "isDetachedProductionSite",
            "lang",
            "langFull",
            "reqUrl",
            "version",
            "gitVersion",
            "versions"
          ]
        },
        {
          "name": "ws-public",
          "file": "ws-public.json",
          "size": 317,
          "keys": [
            "namedChunks"
          ]
        },
        {
          "name": "ws_auth",
          "file": "ws_auth.json",
          "size": 317,
          "keys": [
            "namedChunks"
          ]
        }
      ]
    }
  }
}