{
  "category": "other",
  "description": "Övriga handelspar som inte passar i andra kategorier",
  "count": 169,
  "symbols": [
    {
      "symbol": "tADABTC",
      "base_currency": "ADA",
      "quote_currency": "BTC",
      "is_test": false,
      "is_paper": false
    },
    {
      "symbol": "tADAUSD",
      "base_currency": "ADA",
      "quote_currency": "USD",
      "is_test": false,
      "is_paper": false
    },
    {
      "symbol": "tADAUST",
      "base_currency": "ADA",
      "quote_currency": "UST",
      "is_test": false,
      "is_paper": false
    },
    {
      "symbol": "tALGUSD",
      "base_currency": "ALG",
      "quote_currency": "USD",
      "is_test": false,
      "is_paper": false
    },
    {
      "symbol": "tAMPUSD",
      "base_currency": "AMP",
      "quote_currency": "USD",
      "is_test": false,
      "is_paper": false
    },
    {
      "symbol": "tAMPUST",
      "base_currency": "AMP",
      "quote_currency": "UST",
      "is_test": false,
      "is_paper": false
    },
    {
      "symbol": "tAPEUSD",
      "base_currency": "APE",
      "quote_currency": "USD",
      "is_test": false,
      "is_paper": false
    },
    {
      "symbol": "tAPEUST",
      "base_currency": "APE",
      "quote_currency": "UST",
      "is_test": false,
      "is_paper": false
    },
    {
      "symbol": "tAPTUSD",
      "base_currency": "APT",
      "quote_currency": "USD",
      "is_test": false,
      "is_paper": false
    },
    {
      "symbol": "tAPTUST",
      "base_currency": "APT",
      "quote_currency": "UST",
      "is_test": false,
      "is_paper": false
    },
    {
      "symbol": "tARBUSD",
      "base_currency": "ARB",
      "quote_currency": "USD",
      "is_test": false,
      "is_paper": false
    },
    {
      "symbol": "tARBUST",
      "base_currency": "ARB",
      "quote_currency": "UST",
      "is_test": false,
      "is_paper": false
    },
    {
      "symbol": "tATHUSD",
      "base_currency": "ATH",
      "quote_currency": "USD",
      "is_test": false,
      "is_paper": false
    },
    {
      "symbol": "tATHUST",
      "base_currency": "ATH",
      "quote_currency": "UST",
      "is_test": false,
      "is_paper": false
    },
    {
      "symbol": "tATOUSD",
      "base_currency": "ATO",
      "quote_currency": "USD",
      "is_test": false,
      "is_paper": false
    },
    {
      "symbol": "tATOUST",
      "base_currency": "ATO",
      "quote_currency": "UST",
      "is_test": false,
      "is_paper": false
    },
    {
      "symbol": "tB2MUSD",
      "base_currency": "B2M",
      "quote_currency": "USD",
      "is_test": false,
      "is_paper": false
    },
    {
      "symbol": "tB2MUST",
      "base_currency": "B2M",
      "quote_currency": "UST",
      "is_test": false,
      "is_paper": false
    },
    {
      "symbol": "tBGBUSD",
      "base_currency": "BGB",
      "quote_currency": "USD",
      "is_test": false,
      "is_paper": false
    },
    {
      "symbol": "tBGBUST",
      "base_currency": "BGB",
      "quote_currency": "UST",
      "is_test": false,
      "is_paper": false
    },
    {
      "symbol": "tBTCEUR",
      "base_currency": "BTC",
      "quote_currency": "EUR",
      "is_test": false,
      "is_paper": false
    },
    {
      "symbol": "tBTCGBP",
      "base_currency": "BTC",
      "quote_currency": "GBP",
      "is_test": false,
      "is_paper": false
    },
    {
      "symbol": "tBTCJPY",
      "base_currency": "BTC",
      "quote_currency": "JPY",
      "is_test": false,
      "is_paper": false
    },
    {
      "symbol": "tBTCTRY",
      "base_currency": "BTC",
      "quote_currency": "TRY",
      "is_test": false,
      "is_paper": false
    },
    {
      "symbol": "tBTCUSD",
      "base_currency": "BTC",
      "quote_currency": "USD",
      "is_test": false,
      "is_paper": false
    },
    {
      "symbol": "tBTCUST",
      "base_currency": "BTC",
      "quote_currency": "UST",
      "is_test": false,
      "is_paper": false
    },
    {
      "symbol": "tBTTUSD",
      "base_currency": "BTT",
      "quote_currency": "USD",
      "is_test": false,
      "is_paper": false
    },
    {
      "symbol": "tCHZUSD",
      "base_currency": "CHZ",
      "quote_currency": "USD",
      "is_test": false,
      "is_paper": false
    },
    {
      "symbol": "tCHZUST",
      "base_currency": "CHZ",
      "quote_currency": "UST",
      "is_test": false,
      "is_paper": false
    },
    {
      "symbol": "tCRVUSD",
      "base_currency": "CRV",
      "quote_currency": "USD",
      "is_test": false,
      "is_paper": false
    },
    {
      "symbol": "tCRVUST",
      "base_currency": "CRV",
      "quote_currency": "UST",
      "is_test": false,
      "is_paper": false
    },
    {
      "symbol": "tDAIUSD",
      "base_currency": "DAI",
      "quote_currency": "USD",
      "is_test": false,
      "is_paper": false
    },
    {
      "symbol": "tDOTUSD",
      "base_currency": "DOT",
      "quote_currency": "USD",
      "is_test": false,
      "is_paper": false
    },
    {
      "symbol": "tDOTUST",
      "base_currency": "DOT",
      "quote_currency": "UST",
      "is_test": false,
      "is_paper": false
    },
    {
      "symbol": "tDSHBTC",
      "base_currency": "DSH",
      "quote_currency": "BTC",
      "is_test": false,
      "is_paper": false
    },
    {
      "symbol": "tDSHUSD",
      "base_currency": "DSH",
      "quote_currency": "USD",
      "is_test": false,
      "is_paper": false
    },
    {
      "symbol": "tDYMUSD",
      "base_currency": "DYM",
      "quote_currency": "USD",
      "is_test": false,
      "is_paper": false
    },
    {
      "symbol": "tDYMUST",
      "base_currency": "DYM",
      "quote_currency": "UST",
      "is_test": false,
      "is_paper": false
    },
    {
      "symbol": "tENAUSD",
      "base_currency": "ENA",
      "quote_currency": "USD",
      "is_test": false,
      "is_paper": false
    },
    {
      "symbol": "tENAUST",
      "base_currency": "ENA",
      "quote_currency": "UST",
      "is_test": false,
      "is_paper": false
    },
    {
      "symbol": "tEOSBTC",
      "base_currency": "EOS",
      "quote_currency": "BTC",
      "is_test": false,
      "is_paper": false
    },
    {
      "symbol": "tEOSUSD",
      "base_currency": "EOS",
      "quote_currency": "USD",
      "is_test": false,
      "is_paper": false
    },
    {
      "symbol": "tEOSUST",
      "base_currency": "EOS",
      "quote_currency": "UST",
      "is_test": false,
      "is_paper": false
    },
    {
      "symbol": "tETCBTC",
      "base_currency": "ETC",
      "quote_currency": "BTC",
      "is_test": false,
      "is_paper": false
    },
    {
      "symbol": "tETCUSD",
      "base_currency": "ETC",
      "quote_currency": "USD",
      "is_test": false,
      "is_paper": false
    },
    {
      "symbol": "tETCUST",
      "base_currency": "ETC",
      "quote_currency": "UST",
      "is_test": false,
      "is_paper": false
    },
    {
      "symbol": "tETHBTC",
      "base_currency": "ETH",
      "quote_currency": "BTC",
      "is_test": false,
      "is_paper": false
    },
    {
      "symbol": "tETHEUR",
      "base_currency": "ETH",
      "quote_currency": "EUR",
      "is_test": false,
      "is_paper": false
    },
    {
      "symbol": "tETHGBP",
      "base_currency": "ETH",
      "quote_currency": "GBP",
      "is_test": false,
      "is_paper": false
    },
    {
      "symbol": "tETHJPY",
      "base_currency": "ETH",
      "quote_currency": "JPY",
      "is_test": false,
      "is_paper": false
    },
    {
      "symbol": "tETHUSD",
      "base_currency": "ETH",
      "quote_currency": "USD",
      "is_test": false,
      "is_paper": false
    },
    {
      "symbol": "tETHUST",
      "base_currency": "ETH",
      "quote_currency": "UST",
      "is_test": false,
      "is_paper": false
    },
    {
      "symbol": "tEURUST",
      "base_currency": "EUR",
      "quote_currency": "UST",
      "is_test": false,
      "is_paper": false
    },
    {
      "symbol": "tEUTUSD",
      "base_currency": "EUT",
      "quote_currency": "USD",
      "is_test": false,
      "is_paper": false
    },
    {
      "symbol": "tEUTUST",
      "base_currency": "EUT",
      "quote_currency": "UST",
      "is_test": false,
      "is_paper": false
    },
    {
      "symbol": "tFETUSD",
      "base_currency": "FET",
      "quote_currency": "USD",
      "is_test": false,
      "is_paper": false
    },
    {
      "symbol": "tFETUST",
      "base_currency": "FET",
      "quote_currency": "UST",
      "is_test": false,
      "is_paper": false
    },
    {
      "symbol": "tFILUSD",
      "base_currency": "FIL",
      "quote_currency": "USD",
      "is_test": false,
      "is_paper": false
    },
    {
      "symbol": "tFILUST",
      "base_currency": "FIL",
      "quote_currency": "UST",
      "is_test": false,
      "is_paper": false
    },
    {
      "symbol": "tGBPUST",
      "base_currency": "GBP",
      "quote_currency": "UST",
      "is_test": false,
      "is_paper": false
    },
    {
      "symbol": "tGTXUSD",
      "base_currency": "GTX",
      "quote_currency": "USD",
      "is_test": false,
      "is_paper": false
    },
    {
      "symbol": "tGTXUST",
      "base_currency": "GTX",
      "quote_currency": "UST",
      "is_test": false,
      "is_paper": false
    },
    {
      "symbol": "tGUNUSD",
      "base_currency": "GUN",
      "quote_currency": "USD",
      "is_test": false,
      "is_paper": false
    },
    {
      "symbol": "tGUNUST",
      "base_currency": "GUN",
      "quote_currency": "UST",
      "is_test": false,
      "is_paper": false
    },
    {
      "symbol": "tHIXUSD",
      "base_currency": "HIX",
      "quote_currency": "USD",
      "is_test": false,
      "is_paper": false
    },
    {
      "symbol": "tHIXUST",
      "base_currency": "HIX",
      "quote_currency": "UST",
      "is_test": false,
      "is_paper": false
    },
    {
      "symbol": "tICPUSD",
      "base_currency": "ICP",
      "quote_currency": "USD",
      "is_test": false,
      "is_paper": false
    },
    {
      "symbol": "tICPUST",
      "base_currency": "ICP",
      "quote_currency": "UST",
      "is_test": false,
      "is_paper": false
    },
    {
      "symbol": "tIOTBTC",
      "base_currency": "IOT",
      "quote_currency": "BTC",
      "is_test": false,
      "is_paper": false
    },
    {
      "symbol": "tIOTUSD",
      "base_currency": "IOT",
      "quote_currency": "USD",
      "is_test": false,
      "is_paper": false
    },
    {
      "symbol": "tJPYUST",
      "base_currency": "JPY",
      "quote_currency": "UST",
      "is_test": false,
      "is_paper": false
    },
    {
      "symbol": "tJSTUSD",
      "base_currency": "JST",
      "quote_currency": "USD",
      "is_test": false,
      "is_paper": false
    },
    {
      "symbol": "tJSTUST",
      "base_currency": "JST",
      "quote_currency": "UST",
      "is_test": false,
      "is_paper": false
    },
    {
      "symbol": "tJUPUSD",
      "base_currency": "JUP",
      "quote_currency": "USD",
      "is_test": false,
      "is_paper": false
    },
    {
      "symbol": "tJUPUST",
      "base_currency": "JUP",
      "quote_currency": "UST",
      "is_test": false,
      "is_paper": false
    },
    {
      "symbol": "tJXXUSD",
      "base_currency": "JXX",
      "quote_currency": "USD",
      "is_test": false,
      "is_paper": false
    },
    {
      "symbol": "tJXXUST",
      "base_currency": "JXX",
      "quote_currency": "UST",
      "is_test": false,
      "is_paper": false
    },
    {
      "symbol": "tKANUSD",
      "base_currency": "KAN",
      "quote_currency": "USD",
      "is_test": false,
      "is_paper": false
    },
    {
      "symbol": "tKANUST",
      "base_currency": "KAN",
      "quote_currency": "UST",
      "is_test": false,
      "is_paper": false
    },
    {
      "symbol": "tLDOUSD",
      "base_currency": "LDO",
      "quote_currency": "USD",
      "is_test": false,
      "is_paper": false
    },
    {
      "symbol": "tLDOUST",
      "base_currency": "LDO",
      "quote_currency": "UST",
      "is_test": false,
      "is_paper": false
    },
    {
      "symbol": "tLEOBTC",
      "base_currency": "LEO",
      "quote_currency": "BTC",
      "is_test": false,
      "is_paper": false
    },
    {
      "symbol": "tLEOETH",
      "base_currency": "LEO",
      "quote_currency": "ETH",
      "is_test": false,
      "is_paper": false
    },
    {
      "symbol": "tLEOUSD",
      "base_currency": "LEO",
      "quote_currency": "USD",
      "is_test": false,
      "is_paper": false
    },
    {
      "symbol": "tLEOUST",
      "base_currency": "LEO",
      "quote_currency": "UST",
      "is_test": false,
      "is_paper": false
    },
    {
      "symbol": "tLTCBTC",
      "base_currency": "LTC",
      "quote_currency": "BTC",
      "is_test": false,
      "is_paper": false
    },
    {
      "symbol": "tLTCUSD",
      "base_currency": "LTC",
      "quote_currency": "USD",
      "is_test": false,
      "is_paper": false
    },
    {
      "symbol": "tLTCUST",
      "base_currency": "LTC",
      "quote_currency": "UST",
      "is_test": false,
      "is_paper": false
    },
    {
      "symbol": "tMEWUSD",
      "base_currency": "MEW",
      "quote_currency": "USD",
      "is_test": false,
      "is_paper": false
    },
    {
      "symbol": "tMEWUST",
      "base_currency": "MEW",
      "quote_currency": "UST",
      "is_test": false,
      "is_paper": false
    },
    {
      "symbol": "tMIMUSD",
      "base_currency": "MIM",
      "quote_currency": "USD",
      "is_test": false,
      "is_paper": false
    },
    {
      "symbol": "tMIMUST",
      "base_currency": "MIM",
      "quote_currency": "UST",
      "is_test": false,
      "is_paper": false
    },
    {
      "symbol": "tMKRUSD",
      "base_currency": "MKR",
      "quote_currency": "USD",
      "is_test": false,
      "is_paper": false
    },
    {
      "symbol": "tMKRUST",
      "base_currency": "MKR",
      "quote_currency": "UST",
      "is_test": false,
      "is_paper": false
    },
    {
      "symbol": "tNEOUSD",
      "base_currency": "NEO",
      "quote_currency": "USD",
      "is_test": false,
      "is_paper": false
    },
    {
      "symbol": "tNEOUST",
      "base_currency": "NEO",
      "quote_currency": "UST",
      "is_test": false,
      "is_paper": false
    },
    {
      "symbol": "tNYMUSD",
      "base_currency": "NYM",
      "quote_currency": "USD",
      "is_test": false,
      "is_paper": false
    },
    {
      "symbol": "tNYMUST",
      "base_currency": "NYM",
      "quote_currency": "UST",
      "is_test": false,
      "is_paper": false
    },
    {
      "symbol": "tOMNUSD",
      "base_currency": "OMN",
      "quote_currency": "USD",
      "is_test": false,
      "is_paper": false
    },
    {
      "symbol": "tOPXUSD",
      "base_currency": "OPX",
      "quote_currency": "USD",
      "is_test": false,
      "is_paper": false
    },
    {
      "symbol": "tOPXUST",
      "base_currency": "OPX",
      "quote_currency": "UST",
      "is_test": false,
      "is_paper": false
    },
    {
      "symbol": "tPNKUSD",
      "base_currency": "PNK",
      "quote_currency": "USD",
      "is_test": false,
      "is_paper": false
    },
    {
      "symbol": "tPOLUSD",
      "base_currency": "POL",
      "quote_currency": "USD",
      "is_test": false,
      "is_paper": false
    },
    {
      "symbol": "tPOLUST",
      "base_currency": "POL",
      "quote_currency": "UST",
      "is_test": false,
      "is_paper": false
    },
    {
      "symbol": "tRRTUSD",
      "base_currency": "RRT",
      "quote_currency": "USD",
      "is_test": false,
      "is_paper": false
    },
    {
      "symbol": "tSEIUSD",
      "base_currency": "SEI",
      "quote_currency": "USD",
      "is_test": false,
      "is_paper": false
    },
    {
      "symbol": "tSEIUST",
      "base_currency": "SEI",
      "quote_currency": "UST",
      "is_test": false,
      "is_paper": false
    },
    {
      "symbol": "tSHMUSD",
      "base_currency": "SHM",
      "quote_currency": "USD",
      "is_test": false,
      "is_paper": false
    },
    {
      "symbol": "tSHMUST",
      "base_currency": "SHM",
      "quote_currency": "UST",
      "is_test": false,
      "is_paper": false
    },
    {
      "symbol": "tSOLBTC",
      "base_currency": "SOL",
      "quote_currency": "BTC",
      "is_test": false,
      "is_paper": false
    },
    {
      "symbol": "tSOLUSD",
      "base_currency": "SOL",
      "quote_currency": "USD",
      "is_test": false,
      "is_paper": false
    },
    {
      "symbol": "tSOLUST",
      "base_currency": "SOL",
      "quote_currency": "UST",
      "is_test": false,
      "is_paper": false
    },
    {
      "symbol": "tSTGUSD",
      "base_currency": "STG",
      "quote_currency": "USD",
      "is_test": false,
      "is_paper": false
    },
    {
      "symbol": "tSTGUST",
      "base_currency": "STG",
      "quote_currency": "UST",
      "is_test": false,
      "is_paper": false
    },
    {
      "symbol": "tSTXUSD",
      "base_currency": "STX",
      "quote_currency": "USD",
      "is_test": false,
      "is_paper": false
    },
    {
      "symbol": "tSTXUST",
      "base_currency": "STX",
      "quote_currency": "UST",
      "is_test": false,
      "is_paper": false
    },
    {
      "symbol": "tSUIUSD",
      "base_currency": "SUI",
      "quote_currency": "USD",
      "is_test": false,
      "is_paper": false
    },
    {
      "symbol": "tSUIUST",
      "base_currency": "SUI",
      "quote_currency": "UST",
      "is_test": false,
      "is_paper": false
    },
    {
      "symbol": "tSUNUSD",
      "base_currency": "SUN",
      "quote_currency": "USD",
      "is_test": false,
      "is_paper": false
    },
    {
      "symbol": "tSUNUST",
      "base_currency": "SUN",
      "quote_currency": "UST",
      "is_test": false,
      "is_paper": false
    },
    {
      "symbol": "tTIAUSD",
      "base_currency": "TIA",
      "quote_currency": "USD",
      "is_test": false,
      "is_paper": false
    },
    {
      "symbol": "tTIAUST",
      "base_currency": "TIA",
      "quote_currency": "UST",
      "is_test": false,
      "is_paper": false
    },
    {
      "symbol": "tTONUSD",
      "base_currency": "TON",
      "quote_currency": "USD",
      "is_test": false,
      "is_paper": false
    },
    {
      "symbol": "tTONUST",
      "base_currency": "TON",
      "quote_currency": "UST",
      "is_test": false,
      "is_paper": false
    },
    {
      "symbol": "tTRXBTC",
      "base_currency": "TRX",
      "quote_currency": "BTC",
      "is_test": false,
      "is_paper": false
    },
    {
      "symbol": "tTRXEUR",
      "base_currency": "TRX",
      "quote_currency": "EUR",
      "is_test": false,
      "is_paper": false
    },
    {
      "symbol": "tTRXUSD",
      "base_currency": "TRX",
      "quote_currency": "USD",
      "is_test": false,
      "is_paper": false
    },
    {
      "symbol": "tTRXUST",
      "base_currency": "TRX",
      "quote_currency": "UST",
      "is_test": false,
      "is_paper": false
    },
    {
      "symbol": "tTRYUST",
      "base_currency": "TRY",
      "quote_currency": "UST",
      "is_test": false,
      "is_paper": false
    },
    {
      "symbol": "tTSDUSD",
      "base_currency": "TSD",
      "quote_currency": "USD",
      "is_test": false,
      "is_paper": false
    },
    {
      "symbol": "tTSDUST",
      "base_currency": "TSD",
      "quote_currency": "UST",
      "is_test": false,
      "is_paper": false
    },
    {
      "symbol": "tUDCUSD",
      "base_currency": "UDC",
      "quote_currency": "USD",
      "is_test": false,
      "is_paper": false
    },
    {
      "symbol": "tUDCUST",
      "base_currency": "UDC",
      "quote_currency": "UST",
      "is_test": false,
      "is_paper": false
    },
    {
      "symbol": "tUNIUSD",
      "base_currency": "UNI",
      "quote_currency": "USD",
      "is_test": false,
      "is_paper": false
    },
    {
      "symbol": "tUNIUST",
      "base_currency": "UNI",
      "quote_currency": "UST",
      "is_test": false,
      "is_paper": false
    },
    {
      "symbol": "tUOSBTC",
      "base_currency": "UOS",
      "quote_currency": "BTC",
      "is_test": false,
      "is_paper": false
    },
    {
      "symbol": "tUOSUSD",
      "base_currency": "UOS",
      "quote_currency": "USD",
      "is_test": false,
      "is_paper": false
    },
    {
      "symbol": "tUST:CNHT",
      "base_currency": "UST",
      "quote_currency": "CNHT",
      "is_test": false,
      "is_paper": false
    },
    {
      "symbol": "tUST:MXNT",
      "base_currency": "UST",
      "quote_currency": "MXNT",
      "is_test": false,
      "is_paper": false
    },
    {
      "symbol": "tUSTUSD",
      "base_currency": "UST",
      "quote_currency": "USD",
      "is_test": false,
      "is_paper": false
    },
    {
      "symbol": "tWBTBTC",
      "base_currency": "WBT",
      "quote_currency": "BTC",
      "is_test": false,
      "is_paper": false
    },
    {
      "symbol": "tWBTUSD",
      "base_currency": "WBT",
      "quote_currency": "USD",
      "is_test": false,
      "is_paper": false
    },
    {
      "symbol": "tWIFUSD",
      "base_currency": "WIF",
      "quote_currency": "USD",
      "is_test": false,
      "is_paper": false
    },
    {
      "symbol": "tWIFUST",
      "base_currency": "WIF",
      "quote_currency": "UST",
      "is_test": false,
      "is_paper": false
    },
    {
      "symbol": "tWOOUSD",
      "base_currency": "WOO",
      "quote_currency": "USD",
      "is_test": false,
      "is_paper": false
    },
    {
      "symbol": "tWOOUST",
      "base_currency": "WOO",
      "quote_currency": "UST",
      "is_test": false,
      "is_paper": false
    },
    {
      "symbol": "tXDCUSD",
      "base_currency": "XDC",
      "quote_currency": "USD",
      "is_test": false,
      "is_paper": false
    },
    {
      "symbol": "tXDCUST",
      "base_currency": "XDC",
      "quote_currency": "UST",
      "is_test": false,
      "is_paper": false
    },
    {
      "symbol": "tXLMBTC",
      "base_currency": "XLM",
      "quote_currency": "BTC",
      "is_test": false,
      "is_paper": false
    },
    {
      "symbol": "tXLMUSD",
      "base_currency": "XLM",
      "quote_currency": "USD",
      "is_test": false,
      "is_paper": false
    },
    {
      "symbol": "tXLMUST",
      "base_currency": "XLM",
      "quote_currency": "UST",
      "is_test": false,
      "is_paper": false
    },
    {
      "symbol": "tXMRBTC",
      "base_currency": "XMR",
      "quote_currency": "BTC",
      "is_test": false,
      "is_paper": false
    },
    {
      "symbol": "tXMRUSD",
      "base_currency": "XMR",
      "quote_currency": "USD",
      "is_test": false,
      "is_paper": false
    },
    {
      "symbol": "tXMRUST",
      "base_currency": "XMR",
      "quote_currency": "UST",
      "is_test": false,
      "is_paper": false
    },
    {
      "symbol": "tXRDBTC",
      "base_currency": "XRD",
      "quote_currency": "BTC",
      "is_test": false,
      "is_paper": false
    },
    {
      "symbol": "tXRDUSD",
      "base_currency": "XRD",
      "quote_currency": "USD",
      "is_test": false,
      "is_paper": false
    },
    {
      "symbol": "tXRPBTC",
      "base_currency": "XRP",
      "quote_currency": "BTC",
      "is_test": false,
      "is_paper": false
    },
    {
      "symbol": "tXRPUSD",
      "base_currency": "XRP",
      "quote_currency": "USD",
      "is_test": false,
      "is_paper": false
    },
    {
      "symbol": "tXRPUST",
      "base_currency": "XRP",
      "quote_currency": "UST",
      "is_test": false,
      "is_paper": false
    },
    {
      "symbol": "tXTZUSD",
      "base_currency": "XTZ",
      "quote_currency": "USD",
      "is_test": false,
      "is_paper": false
    },
    {
      "symbol": "tYFIUSD",
      "base_currency": "YFI",
      "quote_currency": "USD",
      "is_test": false,
      "is_paper": false
    },
    {
      "symbol": "tYFIUST",
      "base_currency": "YFI",
      "quote_currency": "UST",
      "is_test": false,
      "is_paper": false
    },
    {
      "symbol": "tZECBTC",
      "base_currency": "ZEC",
      "quote_currency": "BTC",
      "is_test": false,
      "is_paper": false
    },
    {
      "symbol": "tZECUSD",
      "base_currency": "ZEC",
      "quote_currency": "USD",
      "is_test": false,
      "is_paper": false
    },
    {
      "symbol": "tZKXUSD",
      "base_currency": "ZKX",
      "quote_currency": "USD",
      "is_test": false,
      "is_paper": false
    },
    {
      "symbol": "tZKXUST",
      "base_currency": "ZKX",
      "quote_currency": "UST",
      "is_test": false,
      "is_paper": false
    },
    {
      "symbol": "tZROUSD",
      "base_currency": "ZRO",
      "quote_currency": "USD",
      "is_test": false,
      "is_paper": false
    },
    {
      "symbol": "tZROUST",
      "base_currency": "ZRO",
      "quote_currency": "UST",
      "is_test": false,
      "is_paper": false
    },
    {
      "symbol": "tZRXUSD",
      "base_currency": "ZRX",
      "quote_currency": "USD",
      "is_test": false,
      "is_paper": false
    }
  ]
}