{
  "tTESTBTC:TESTUSD": {
    "ema_weight": 0.5681818181818182,
    "rsi_weight": 0.3977272727272727,
    "atr_weight": 0.034090909090909095,
    "ema_period": 14,
    "rsi_period": 14,
    "atr_period": 14
  },
  "tTESTBTC:TESTUSDT": {
    "ema_weight": 0.5681818181818181,
    "rsi_weight": 0.39772727272727265,
    "atr_weight": 0.03409090909090909,
    "ema_period": 14,
    "rsi_period": 14,
    "atr_period": 14
  },
  "tTESTADA:TESTUSD": {
    "ema_weight": 0.5633802816901409,
    "rsi_weight": 0.39436619718309857,
    "atr_weight": 0.04225352112676056,
    "ema_period": 14,
    "rsi_period": 14,
    "atr_period": 14
  },
  "tTESTAVAX:TESTUSD": {
    "ema_weight": 0.5681818181818182,
    "rsi_weight": 0.3977272727272727,
    "atr_weight": 0.034090909090909095,
    "ema_period": 14,
    "rsi_period": 14,
    "atr_period": 14
  },
  "tTESTETH:TESTUSD": {
    "ema_weight": 0.5681818181818182,
    "rsi_weight": 0.3977272727272727,
    "atr_weight": 0.034090909090909095,
    "ema_period": 14,
    "rsi_period": 14,
    "atr_period": 14
  }
}